claim_id,claim,manuscript_source,proof_or_mechanism,evidence,maturity,fresh_recheck,scope_and_limit
T1,Sufficient static incidence rule preserves graph typing,"paper/frozen-body.pdf, Sections 2-3; paper/appendix.tex, Appendix A",typed event rule,results/tests.json: typed graph pairs,written mathematical proof plus finite checks,Proof text reconciled with proofs/semantics.md and final manuscript; all associated finite checks passed in the 16-phase clean run recorded in results/clean-reproduction.json. No proof-assistant or independent external proof check.,Not a complete type-inference procedure.
T2,Complement-backed one-step round trip,"paper/frozen-body.pdf, Sections 2-3; paper/appendix.tex, Appendix A",old values for non-singleton overwritten coordinates,results/tests.json; campaign,written mathematical proof plus finite checks,Proof text reconciled with proofs/semantics.md and final manuscript; all associated finite checks passed in the 16-phase clean run recorded in results/clean-reproduction.json. No proof-assistant or independent external proof check.,Inverse is justified relative to the matching actual forward execution.
T3,Trace round trip and backward type preservation,"paper/frozen-body.pdf, Sections 2-3; paper/appendix.tex, Appendix A",reverse occurrence order,results/campaign/coverage.json,written mathematical proof plus finite checks,Proof text reconciled with proofs/semantics.md and final manuscript; all associated finite checks passed in the 16-phase clean run recorded in results/clean-reproduction.json. No proof-assistant or independent external proof check.,"23,461 success certificates have nonempty receipt executions, not 50,000."
T4,Coordinate necessity and a restricted bit lower bound,"paper/frozen-body.pdf, Sections 2-3; paper/appendix.tex, Appendix A",unconstrained product-state fiber,proofs/semantics.md section 3,written mathematical proof,Proof text reconciled with proofs/semantics.md and final manuscript; all associated finite checks passed in the 16-phase clean run recorded in results/clean-reproduction.json. No proof-assistant or independent external proof check.,Not globally bit-optimal logging for graph-constrained states or across observations.
T5,Successful selective replay requires context-correct rebased receipts,"paper/frozen-body.pdf, Sections 2-3; paper/appendix.tex, Appendix A",re-execute retained trace and regenerate complements,results/tests.json: stale receipt rejection,written mathematical proof plus explicit negative control,Proof text reconciled with proofs/semantics.md and final manuscript; all associated finite checks passed in the 16-phase clean run recorded in results/clean-reproduction.json. No proof-assistant or independent external proof check.,Original final-state equality does not establish inverse correctness.
T6,Ghost observation factorization exactly characterizes executable masks,"paper/frozen-body.pdf, Sections 2-3; paper/appendix.tex, Appendix A",first-failing-observation induction,results/campaign/summary.json: 231071 queries,written mathematical proof plus finite checks,Proof text reconciled with proofs/semantics.md and final manuscript; all associated finite checks passed in the 16-phase clean run recorded in results/clean-reproduction.json. No proof-assistant or independent external proof check.,No multi-cell arbitrary guards or implicit reads.
L7,Conditional last-occurrence normalization,"paper/frozen-body.pdf, Sections 3-4; paper/appendix.tex, Appendix A",reader-tag anchor and one representative per remaining tag,results/pilots/exact-pilot.json; results/pilots/set-pilot.json,written mathematical proof plus finite checks,Proof text reconciled with proofs/semantics.md and final manuscript; all associated finite checks passed in the 16-phase clean run recorded in results/clean-reproduction.json. No proof-assistant or independent external proof check.,Local to one specified observation; distinct tags can have different polarities in different observations.
T8,Normalized local clauses are exact,"paper/frozen-body.pdf, Sections 3-4; paper/appendix.tex, Appendix A",bad anchor and bad-writer suffix clauses,campaign; results/tests.json,written mathematical proof plus finite checks,Proof text reconciled with proofs/semantics.md and final manuscript; all associated finite checks passed in the 16-phase clean run recorded in results/clean-reproduction.json. No proof-assistant or independent external proof check.,Explicit unary accepting sets are part of the input.
L9,Unate non-subsumed input clauses are exactly the prime implicates,"paper/frozen-body.pdf, Sections 3-4; paper/appendix.tex, Appendix A",monotone polarity substitution,results/tests.json: 358 prime comparisons,standard mathematical principle with a written proof,Proof text reconciled with proofs/semantics.md and final manuscript; all associated finite checks passed in the 16-phase clean run recorded in results/clean-reproduction.json. No proof-assistant or independent external proof check.,"Established Boolean machinery, not a claimed invention."
T10,Canonical local prime representation,"paper/frozen-body.pdf, Sections 3-4; paper/appendix.tex, Appendix A","combine L7, T8 and standard L9",results/tests.json; pilots,written mathematical proof plus finite checks,Proof text reconciled with proofs/semantics.md and final manuscript; all associated finite checks passed in the 16-phase clean run recorded in results/clean-reproduction.json. No proof-assistant or independent external proof check.,Local prime completeness does not imply global prime completeness.
T11,Flat-CNF clause and literal minimum over original variables,"paper/frozen-body.pdf, Sections 3-4; paper/appendix.tex, Appendix A",essential prime clauses,proofs/semantics.md section 5,written mathematical proof,Proof text reconciled with proofs/semantics.md and final manuscript; all associated finite checks passed in the 16-phase clean run recorded in results/clean-reproduction.json. No proof-assistant or independent external proof check.,"No auxiliary variables, sharing or alternative representation classes."
T12,Cardinality-minimum fact explanation for one fixed observation,"paper/frozen-body.pdf, Sections 3-4; paper/appendix.tex, Appendix A",shortest falsified local prime,campaign: 474 local certificates; results/tests.json,written mathematical proof plus independent-implementation finite checks,Proof text reconciled with proofs/semantics.md and final manuscript; all associated finite checks passed in the 16-phase clean run recorded in results/clean-reproduction.json. No proof-assistant or independent external proof check.,"Quantifies over every completion for one observation, not global policy infeasibility."
T13,Quadratic literal output and linear local certificate families,"paper/frozen-body.pdf, Sections 3-4; paper/appendix.tex, Appendix A",alternating distinct good and bad writers,proofs/semantics.md section 5,written mathematical proof,Proof text reconciled with proofs/semantics.md and final manuscript; all associated finite checks passed in the 16-phase clean run recorded in results/clean-reproduction.json. No proof-assistant or independent external proof check.,"Flat representation lower bound, not universal information or runtime lower bound."
T14,Exact implication-family criterion,"paper/frozen-body.pdf, Sections 4-6; paper/appendix.tex, Appendices A-B and F-G",finite union and intersection closure,results/tests.json: dependency counterexamples,written mathematical proof plus finite checks,Proof text reconciled with proofs/semantics.md and final manuscript; all associated finite checks passed in the 16-phase clean run recorded in results/clean-reproduction.json. No proof-assistant or independent external proof check.,An implication preorder need not be a DAG when tags interleave.
T15,Binary local clauses give an implication-only sufficient fragment,"paper/frozen-body.pdf, Sections 4-6; paper/appendix.tex, Appendices A-B and F-G",conjunction of normalized binary clauses,results/tests.json; results/structural.json,written mathematical proof plus finite checks,Proof text reconciled with proofs/semantics.md and final manuscript; all associated finite checks passed in the 16-phase clean run recorded in results/clean-reproduction.json. No proof-assistant or independent external proof check.,"Sufficient, not necessary; global resolution may simplify wider local clauses."
T16,Footprint independence yields commuting diamonds and schedule equivalence,"paper/frozen-body.pdf, Sections 4-6; paper/appendix.tex, Appendices A-B and F-G",adjacent independent swaps,results/tests.json: 32 swaps,written mathematical proof plus finite checks,Proof text reconciled with proofs/semantics.md and final manuscript; all associated finite checks passed in the 16-phase clean run recorded in results/clean-reproduction.json. No proof-assistant or independent external proof check.,Fixed captured events only; no arbitrary rematching confluence theorem.
T17,Policy feasibility is NP-complete in the unbounded finite scalar language,"paper/frozen-body.pdf, Sections 4-6; paper/appendix.tex, Appendices A-B and F-G",explicit SAT reduction with one forced keep and one forced remove,results/tests.json: 16 SAT cases; results/pilots/set-pilot.json,written mathematical proof plus exact finite reduction checks,Proof text reconciled with proofs/semantics.md and final manuscript; all associated finite checks passed in the 16-phase clean run recorded in results/clean-reproduction.json. No proof-assistant or independent external proof check.,Not a complexity claim about the fixed twelve-tag executable universe.
T18,No universal polynomial infeasibility certificates unless NP equals coNP,"paper/frozen-body.pdf, Sections 4-6; paper/appendix.tex, Appendices A-B and F-G",consequence of T17 and complement certificates,proofs/semantics.md section 9,conditional written mathematical proof,Proof text reconciled with proofs/semantics.md and final manuscript; all associated finite checks passed in the 16-phase clean run recorded in results/clean-reproduction.json. No proof-assistant or independent external proof check.,Does not preclude compact certificates for particular instances.
L19,Raw cut excludes all partial-policy completions,"paper/frozen-body.pdf, Sections 4-6; paper/appendix.tex, Appendices A-B and F-G",bad retained source and every later good writer absent,results/tests.json; results/structural.json; examples,written mathematical proof plus certificate checks,Proof text reconciled with proofs/semantics.md and final manuscript; all associated finite checks passed in the 16-phase clean run recorded in results/clean-reproduction.json. No proof-assistant or independent external proof check.,A raw cut may need branching to express a minimum normalized local reason.
T20,Refutation-tree soundness and finite completeness; unit-cost optimum certification,"paper/frozen-body.pdf, Sections 4-6; paper/appendix.tex, Appendices A-B and F-G","cut, split, and authorized budget leaves",results/tests.json; structural-cases.jsonl; examples,written mathematical proof plus certificate checks,Proof text reconciled with proofs/semantics.md and final manuscript; all associated finite checks passed in the 16-phase clean run recorded in results/clean-reproduction.json. No proof-assistant or independent external proof check.,Exponential proof size is permitted and explicitly bounded in the implementation.
T21,Global minimum-cardinality policy conflict certification,"paper/frozen-body.pdf, Sections 4-6; paper/appendix.tex, Appendices A-B and F-G",refute the candidate core and exhibit a valid witness for every smaller-cardinality boundary subpolicy,results/tests.json; structural-cases.jsonl; examples,written mathematical proof plus certificate checks,Proof text reconciled with proofs/semantics.md and final manuscript; all associated finite checks passed in the 16-phase clean run recorded in results/clean-reproduction.json. No proof-assistant or independent external proof check.,"Witness obligations range over the requested policy, not merely the chosen core."
T22,Exact scalar retention functions are conjunctions of mixed clauses with one or two negatives,"paper/frozen-body.pdf, Sections 4-6; paper/appendix.tex, Appendices A-B and F-G","fresh cell gadget per clause, shared existing aspect variables",results/structural.json: 46 clause types and 64 conjunctions,written mathematical proof plus finite checks,Proof text reconciled with proofs/semantics.md and final manuscript; all associated finite checks passed in the 16-phase clean run recorded in results/clean-reproduction.json. No proof-assistant or independent external proof check.,No hidden aspect variables; non-tautological clauses have at least one positive literal.
T23,A three-negative single clause is outside the no-hidden-variable expressivity class,"paper/frozen-body.pdf, Sections 4-6; paper/appendix.tex, Appendices A-B and F-G",single-clause implicate containment argument,results/structural.json: strict expressivity check,written mathematical proof plus finite checks,Proof text reconciled with proofs/semantics.md and final manuscript; all associated finite checks passed in the 16-phase clean run recorded in results/clean-reproduction.json. No proof-assistant or independent external proof check.,Allows neither existentially hidden helper aspects nor changed observables.
T24,One write per cell gives polynomial closure and two-fact minimum infeasible policies,"paper/frozen-body.pdf, Sections 4-6; paper/appendix.tex, Appendices A-B and F-G",unique latest permissible provider and backward blocking,results/structural.json: 32 inputs and 7776 policies,written mathematical proof plus finite checks,Proof text reconciled with proofs/semantics.md and final manuscript; all associated finite checks passed in the 16-phase clean run recorded in results/clean-reproduction.json. No proof-assistant or independent external proof check.,Writes count event occurrences including idempotent overwrites; policies are consistent.
T25,At most two writes per cell already gives NP-complete policy feasibility,"paper/frozen-body.pdf, Sections 4-6; paper/appendix.tex, Appendices A-B and F-G",Boolean two-level clause gadget; one event per aspect,results/structural.json: 18 SAT constructions,written mathematical proof plus finite checks,Proof text reconciled with proofs/semantics.md and final manuscript; all associated finite checks passed in the 16-phase clean run recorded in results/clean-reproduction.json. No proof-assistant or independent external proof check.,Event read/write footprint is not restricted to constant arity.
T26,Global minimum conflicts are unbounded while local primes remain ternary,"paper/frozen-body.pdf, Sections 4-6; paper/appendix.tex, Appendices A-B and F-G",binary choice trees with forced root and removed leaves,"results/structural.json: 5 trees, maximum checked core 7",written mathematical proof plus finite checks,Proof text reconciled with proofs/semantics.md and final manuscript; all associated finite checks passed in the 16-phase clean run recorded in results/clean-reproduction.json. No proof-assistant or independent external proof check.,"The general unbounded statement comes from the construction and proof, not five inputs."
O1,Observations cannot uniformly be omitted even with all original snapshots and complements,"paper/frozen-body.pdf, Sections 2-3; paper/appendix.tex, Appendix A",two indistinguishable inputs with different accepting sets,results/tests.json: observation omission,written mathematical counterexample plus finite check,Proof text reconciled with proofs/semantics.md and final manuscript; all associated finite checks passed in the 16-phase clean run recorded in results/clean-reproduction.json. No proof-assistant or independent external proof check.,Not every observation field of every concrete input is information-theoretically necessary.
O2,Unordered named old values do not uniformly replace occurrence order,"paper/frozen-body.pdf, Sections 2-3; paper/appendix.tex, Appendix A",two full orders and one retained subset,results/tests.json: order omission,written mathematical counterexample plus finite check,Proof text reconciled with proofs/semantics.md and final manuscript; all associated finite checks passed in the 16-phase clean run recorded in results/clean-reproduction.json. No proof-assistant or independent external proof check.,Some partial orders or semantic compressions may retain all information actually needed.
O3,Dropping idempotent writes from original snapshot differences is unsound,"paper/frozen-body.pdf, Sections 2-3; paper/appendix.tex, Appendix A",two writes of one after base zero,results/tests.json; campaign snapshot-delta ablation,written mathematical counterexample plus finite check,Proof text reconciled with proofs/semantics.md and final manuscript; all associated finite checks passed in the 16-phase clean run recorded in results/clean-reproduction.json. No proof-assistant or independent external proof check.,Not a refutation of every possible delta calculus.
E1,50000 cases and 231071 retention queries agree with direct replay,"paper/frozen-body.pdf, Section 7; paper/appendix.tex, Appendices C and H",frozen generated campaign and exact tiny subpopulation,results/campaign/summary.json; results/campaign/cases-*.jsonl.gz,measured finite checks,Regenerated from a fresh output directory and exactly reconciled in results/clean-reproduction.json and results/final-recheck/.,125350 or 50030 case totals are not claimed; exhaustive scope is one Boolean cell and at most three events.
E2,49526 success certificates and 474 local certificates accepted,"paper/frozen-body.pdf, Section 7; paper/appendix.tex, Appendices C and H",separate producer/checker; replay of full streams,results/campaign/summary.json; results/campaign/coverage.json,measured finite checks,Regenerated from a fresh output directory and exactly reconciled in results/clean-reproduction.json and results/final-recheck/.,"Of successes, 26065 execute no retained event; implementation separation is not independent authorship."
E3,Nineteen inconsistent mutations rejected; one consistent changed input accepted,"paper/frozen-body.pdf, Section 7; paper/appendix.tex, Appendices C and H",benign self-contained mutation tests,results/tests.json,measured finite negative controls,Regenerated from a fresh output directory and exactly reconciled in results/clean-reproduction.json and results/final-recheck/.,Semantic consistency is not provenance authentication or adversarial completeness.
E4,Six source-guided projections from five passages,"paper/frozen-body.pdf, Section 7; paper/appendix.tex, Appendices C and H",original compact encodings with declared semantic losses,results/examples/summary.json; docs/source-examples.md,source-supported modeling and finite checks,Regenerated from a fresh output directory and exactly reconciled in results/clean-reproduction.json and results/final-recheck/.,"Not thirty examples, not six independent published workloads, not original-tool execution."
E5,Descriptive baseline errors distinguish omitted information,"paper/frozen-body.pdf, Section 7; paper/appendix.tex, Appendices C and H",equal fixed query set and transparent in-house ablations,results/campaign/summary.json,measured finite checks,Regenerated from a fresh output directory and exactly reconciled in results/clean-reproduction.json and results/final-recheck/.,"No comparative performance claim against external GeKo, lens, graph-rewrite or SAT tools."
E6,"Final fresh campaign used 22.483218395 CPU seconds, 22.498455762 wall seconds, peak RSS 110616 KiB, and one worker","paper/frozen-body.pdf, Section 7; paper/appendix.tex, Appendices C and H","single worker, process CPU and OS process high-water mark",results/clean-reproduction.json; results/final-recheck/campaign-summary.json; docs/resource-account.md,measured resource-closure evidence,Recorded by the final clean integrated run; timing fields excluded from semantic equality.,Feasibility telemetry only; not a comparative speed claim. Early exploratory smoke CPU remains unknown.
H1,"The declared 12 same-venue, 5 adjacent, and 5 influential full-paper calibration matrix is complete","paper/appendix.tex, Appendix D; research-plan.md",twenty-two structured full-paper calibration records with explicit reading scope,docs/literature-calibration.csv; external_resources.csv,completed literature-calibration deliverable,Counted and category-checked: 22 unique rows = 12 same-venue + 5 adjacent + 5 influential.,"Structural/claim-level calibration, not replication, bibliometric novelty proof, or independent venue judgment."
H2,The assembled internal article is exactly 50 acmsmall pages including its unified bibliography,paper/main.tex; paper/README.md,reproducible PDF assembly and physical page-count/layout preflight,paper/main.pdf; paper/Makefile; CURRENT-STATE.md,completed delivery requirement,Recompiled after final bibliography repair; pdfinfo reports 50 pages; all pages rendered and visually inspected.,"Internal target, not an asserted publisher limit; pages 1-33 remain a preserved PDF rather than recovered editable LaTeX."
H3,"External submission, authorship, AI-disclosure, and live upload-rule readiness remain unresolved","paper/appendix.tex, Appendix E; CURRENT-STATE.md",explicit external-use gate; first-party full pages inaccessible in this environment,external_resources.csv; CURRENT-STATE.md,external-readiness HOLD,Reopened first-party routes; full guidance remained unavailable for complete rule certification.,"No submission, publication, account action, external contact, or human authorship approval occurred."
H4,"General theorems are written mathematical arguments, not proof-assistant mechanization or independent review","paper/appendix.tex, Appendices A-B and E","explicit separation of written proof, finite checking, and external validation",proofs/semantics.md; src/checker.py; docs/claim-ledger.md,explicit scientific limitation,"Scope wording reconciled across abstract, manuscript appendices, README, and CURRENT-STATE.md.","No Lean, Coq, Isabelle, external blind review, or human-only creation is claimed."
H5,Editable source for inherited manuscript pages 1-33 is unavailable,"paper/main.tex; paper/README.md; paper/appendix.tex, Appendix E",preserve supplied pages exactly and disclose source provenance,paper/frozen-body.pdf; paper/frozen-body-text.txt; paper/main.tex,external-upload readiness HOLD,"Final project contains the preserved body, extracted audit text, reconstructed TikZ concepts, and no claim of source recovery.","Current PDF is reproducible, but the packet is not a fully editable publisher source upload for pages 1-33."
R1,The standalone artifact completes a fresh 16-phase reproduction and exact semantic-record reconciliation,"paper/appendix.tex, Appendices C and H; CURRENT-STATE.md",single integrated driver with bounded subprocesses and separate checker batches,results/clean-reproduction.json; results/final-recheck/clean-run.json,clean finite reproduction PASS,"16/16 phases exited zero; 50,000 campaign records, 165 structural inputs, and 6 source projections compared; all 50,000 packets checked.",Finite deterministic consistency evidence only; timings excluded from semantic equality; no source authenticity or general theorem proof.
