name,url,scholarly_identifier,license,access_date,resource_type,acquisition_method,reading_or_access_scope,integration_mode,supported_claim,internals_modified
"Foster et al. 2007, Combinators for Bidirectional Tree Transformations",https://doi.org/10.1145/1232420.1232424,10.1145/1232420.1232424,Publisher/author copyright; bibliographic URL only; full text not redistributed,2026-09-15,TOPLAS research article,Publisher DOI page or lawful author/preprint copy; no automated bulk download,Complete paper traversed for structural calibration; claim-level reading focused on fields recorded in docs/literature-calibration.csv; not independent replication,Citation and comparative calibration only; no upstream code or data bundled,same-venue calibration; established lens laws and complements,No
"Acar et al. 2006, Adaptive Functional Programming",https://doi.org/10.1145/1186632.1186634,10.1145/1186632.1186634,Publisher/author copyright; bibliographic URL only; full text not redistributed,2026-09-15,TOPLAS research article,Publisher DOI page or lawful author/preprint copy; no automated bulk download,Complete paper traversed for structural calibration; claim-level reading focused on fields recorded in docs/literature-calibration.csv; not independent replication,Citation and comparative calibration only; no upstream code or data bundled,same-venue calibration; trace semantics and correctness organization,No
"Acar et al. 2009, An Experimental Analysis of Self-Adjusting Computation",https://doi.org/10.1145/1596527.1596530,10.1145/1596527.1596530,Publisher/author copyright; bibliographic URL only; full text not redistributed,2026-09-15,TOPLAS research article,Publisher DOI page or lawful author/preprint copy; no automated bulk download,Complete paper traversed for structural calibration; claim-level reading focused on fields recorded in docs/literature-calibration.csv; not independent replication,Citation and comparative calibration only; no upstream code or data bundled,same-venue calibration; multi-population experimental narrative,No
"Liu et al. 1998, Static Caching for Incremental Computation",https://doi.org/10.1145/291889.291893,10.1145/291889.291893,Publisher/author copyright; bibliographic URL only; full text not redistributed,2026-09-15,TOPLAS research article,Publisher DOI page or lawful author/preprint copy; no automated bulk download,Complete paper traversed for structural calibration; claim-level reading focused on fields recorded in docs/literature-calibration.csv; not independent replication,Citation and comparative calibration only; no upstream code or data bundled,same-venue calibration; correctness-led transformation account,No
"Ferrante et al. 1987, The Program Dependence Graph and Its Use in Optimization",https://doi.org/10.1145/24039.24041,10.1145/24039.24041,Publisher/author copyright; bibliographic URL only; full text not redistributed,2026-09-15,TOPLAS research article,Publisher DOI page or lawful author/preprint copy; no automated bulk download,Complete paper traversed for structural calibration; claim-level reading focused on fields recorded in docs/literature-calibration.csv; not independent replication,Citation and comparative calibration only; no upstream code or data bundled,same-venue calibration; representation and dependence boundaries,No
"Horwitz et al. 1990, Interprocedural Slicing Using Dependence Graphs",https://doi.org/10.1145/77606.77608,10.1145/77606.77608,Publisher/author copyright; bibliographic URL only; full text not redistributed,2026-09-15,TOPLAS research article,Publisher DOI page or lawful author/preprint copy; no automated bulk download,Complete paper traversed for structural calibration; claim-level reading focused on fields recorded in docs/literature-calibration.csv; not independent replication,Citation and comparative calibration only; no upstream code or data bundled,same-venue calibration; local/global graph reasoning,No
"Horwitz et al. 1989, Integrating Noninterfering Versions of Programs",https://doi.org/10.1145/65979.65982,10.1145/65979.65982,Publisher/author copyright; bibliographic URL only; full text not redistributed,2026-09-15,TOPLAS research article,Publisher DOI page or lawful author/preprint copy; no automated bulk download,Complete paper traversed for structural calibration; claim-level reading focused on fields recorded in docs/literature-calibration.csv; not independent replication,Citation and comparative calibration only; no upstream code or data bundled,same-venue calibration; semantic noninterference,No
"Rinard and Diniz 1997, Commutativity Analysis",https://doi.org/10.1145/267959.269969,10.1145/267959.269969,Publisher/author copyright; bibliographic URL only; full text not redistributed,2026-09-15,TOPLAS research article,Publisher DOI page or lawful author/preprint copy; no automated bulk download,Complete paper traversed for structural calibration; claim-level reading focused on fields recorded in docs/literature-calibration.csv; not independent replication,Citation and comparative calibration only; no upstream code or data bundled,same-venue calibration; conservative commutativity guarantee,No
"Stoyle et al. 2007, Mutatis Mutandis",https://doi.org/10.1145/1255450.1255455,10.1145/1255450.1255455,Publisher/author copyright; bibliographic URL only; full text not redistributed,2026-09-15,TOPLAS research article,Publisher DOI page or lawful author/preprint copy; no automated bulk download,Complete paper traversed for structural calibration; claim-level reading focused on fields recorded in docs/literature-calibration.csv; not independent replication,Citation and comparative calibration only; no upstream code or data bundled,"same-venue calibration; calculus, safety and implementation boundary",No
"Archer et al. 1984, User Recovery and Reversal in Interactive Systems",https://doi.org/10.1145/357233.357234,10.1145/357233.357234,Publisher/author copyright; bibliographic URL only; full text not redistributed,2026-09-15,TOPLAS research article,Publisher DOI page or lawful author/preprint copy; no automated bulk download,Complete paper traversed for structural calibration; claim-level reading focused on fields recorded in docs/literature-calibration.csv; not independent replication,Citation and comparative calibration only; no upstream code or data bundled,same-venue calibration; recovery versus selective policy,No
"Leeman 1986, A Formal Approach to Undo Operations in Programming Languages",https://doi.org/10.1145/5001.5005,10.1145/5001.5005,Publisher/author copyright; bibliographic URL only; full text not redistributed,2026-09-15,TOPLAS research article,Publisher DOI page or lawful author/preprint copy; no automated bulk download,Complete paper traversed for structural calibration; claim-level reading focused on fields recorded in docs/literature-calibration.csv; not independent replication,Citation and comparative calibration only; no upstream code or data bundled,same-venue calibration; occurrence-sensitive undo semantics,No
"Apt 2000, The Role of Commutativity in Constraint Propagation Algorithms",https://doi.org/10.1145/371880.371884,10.1145/371880.371884,Publisher/author copyright; bibliographic URL only; full text not redistributed,2026-09-15,TOPLAS research article,Publisher DOI page or lawful author/preprint copy; no automated bulk download,Complete paper traversed for structural calibration; claim-level reading focused on fields recorded in docs/literature-calibration.csv; not independent replication,Citation and comparative calibration only; no upstream code or data bundled,same-venue calibration; abstract correctness then algorithm instances,No
"Hofmann et al. 2011, Symmetric Lenses",https://doi.org/10.1145/1926385.1926428,10.1145/1926385.1926428,Publisher/author copyright; bibliographic URL only; full text not redistributed,2026-09-15,adjacent research paper,Publisher DOI page or lawful author/preprint copy; no automated bulk download,Complete paper traversed for structural calibration; claim-level reading focused on fields recorded in docs/literature-calibration.csv; not independent replication,Citation and comparative calibration only; no upstream code or data bundled,adjacent calibration; symmetric complements and laws,No
"Bohannon et al. 2006, Relational Lenses",https://doi.org/10.1145/1142351.1142399,10.1145/1142351.1142399,Publisher/author copyright; bibliographic URL only; full text not redistributed,2026-09-15,adjacent research paper,Publisher DOI page or lawful author/preprint copy; no automated bulk download,Complete paper traversed for structural calibration; claim-level reading focused on fields recorded in docs/literature-calibration.csv; not independent replication,Citation and comparative calibration only; no upstream code or data bundled,adjacent calibration; relational update interface,No
"Ulidowski et al. 2018, Reversing Event Structures",https://doi.org/10.1007/s00354-018-0040-8,10.1007/s00354-018-0040-8,Publisher/author copyright; bibliographic URL only; full text not redistributed,2026-09-15,adjacent research paper,Publisher DOI page or lawful author/preprint copy; no automated bulk download,Complete paper traversed for structural calibration; claim-level reading focused on fields recorded in docs/literature-calibration.csv; not independent replication,Citation and comparative calibration only; no upstream code or data bundled,adjacent calibration; alternative causes and prevention adversary,No
"Lanese et al. 2024, An Axiomatic Theory for Reversible Computation",https://doi.org/10.1145/3648474,10.1145/3648474,Publisher/author copyright; bibliographic URL only; full text not redistributed,2026-09-15,adjacent research paper,Publisher DOI page or lawful author/preprint copy; no automated bulk download,Complete paper traversed for structural calibration; claim-level reading focused on fields recorded in docs/literature-calibration.csv; not independent replication,Citation and comparative calibration only; no upstream code or data bundled,adjacent calibration; general reversible-computation axioms,No
"Plump 1993, Hypergraph Rewriting: Critical Pairs and Undecidability of Confluence",https://www-users.york.ac.uk/~djp10/Papers/wiley.93.pdf,,Publisher/author copyright; bibliographic URL only; full text not redistributed,2026-09-15,adjacent research paper,Publisher DOI page or lawful author/preprint copy; no automated bulk download,Complete paper traversed for structural calibration; claim-level reading focused on fields recorded in docs/literature-calibration.csv; not independent replication,Citation and comparative calibration only; no upstream code or data bundled,adjacent calibration; graph-rewrite confluence boundary,No
"Darwiche and Marquis 2002, A Knowledge Compilation Map",https://doi.org/10.1613/jair.989,10.1613/jair.989,Publisher/author copyright; bibliographic URL only; full text not redistributed,2026-09-15,influential research article,Publisher DOI page or lawful author/preprint copy; no automated bulk download,Complete paper traversed for structural calibration; claim-level reading focused on fields recorded in docs/literature-calibration.csv; not independent replication,Citation and comparative calibration only; no upstream code or data bundled,influential calibration; representation-qualified compilation claims,No
"Necula 1997, Proof-Carrying Code",https://doi.org/10.1145/263699.263712,10.1145/263699.263712,Publisher/author copyright; bibliographic URL only; full text not redistributed,2026-09-15,influential research paper,Publisher DOI page or lawful author/preprint copy; no automated bulk download,Complete paper traversed for structural calibration; claim-level reading focused on fields recorded in docs/literature-calibration.csv; not independent replication,Citation and comparative calibration only; no upstream code or data bundled,influential calibration; untrusted producer/small checker pattern,No
"Wetzler et al. 2014, DRAT-trim",https://doi.org/10.1007/978-3-319-09284-3_31,10.1007/978-3-319-09284-3_31,Publisher/author copyright; bibliographic URL only; full text not redistributed,2026-09-15,influential research paper,Publisher DOI page or lawful author/preprint copy; no automated bulk download,Complete paper traversed for structural calibration; claim-level reading focused on fields recorded in docs/literature-calibration.csv; not independent replication,Citation and comparative calibration only; no upstream code or data bundled,influential calibration; explicit proof objects and checking,No
"Reiter 1987, A Theory of Diagnosis from First Principles",https://doi.org/10.1016/0004-3702(87)90062-2,10.1016/0004-3702(87)90062-2,Publisher/author copyright; bibliographic URL only; full text not redistributed,2026-09-15,influential research article,Publisher DOI page or lawful author/preprint copy; no automated bulk download,Complete paper traversed for structural calibration; claim-level reading focused on fields recorded in docs/literature-calibration.csv; not independent replication,Citation and comparative calibration only; no upstream code or data bundled,influential calibration; conflicts and hitting-set distinction,No
"Green et al. 2007, Provenance Semirings",https://doi.org/10.1145/1265530.1265535,10.1145/1265530.1265535,Publisher/author copyright; bibliographic URL only; full text not redistributed,2026-09-15,influential research paper,Publisher DOI page or lawful author/preprint copy; no automated bulk download,Complete paper traversed for structural calibration; claim-level reading focused on fields recorded in docs/literature-calibration.csv; not independent replication,Citation and comparative calibration only; no upstream code or data bundled,influential calibration; compositional provenance,No
"Klein et al. 2009, Aspect Model Unweaving",https://orbilu.uni.lu/bitstream/10993/3937/1/AspectUnweaving-MODELS2009_CameraReady.pdf,10.1007/978-3-642-04425-0_39,Author/publisher copyright; URL only; full text not redistributed,2026-09-15,historical research anchor,University repository author copy read in browser,"Complete substantive paper read, including examples, traceability procedure, algorithms, independent/additive/general cases and limitations","Historical lineage, source-guided projection design, and explicit non-novelty/boundary comparison",Operational trace-guided inverse application and rematching precede this work; three projections retain declared semantic losses,No
"Xu 2026, Closure-Preserving Rate-Distortion for Reversible Logging",https://arxiv.org/abs/2606.16592,10.48550/arXiv.2606.16592,Preprint copyright; URL only; not redistributed,2026-09-15,contemporary preprint adversary,Public arXiv record/full text read in browser,"Objective, observable-adequacy assumption and comparison boundary read; no peer-review inference",Related-work adversary only,Different closure-preserving compression objective; no direct baseline or priority claim,No
ACM TOPLAS author guidelines,https://dl.acm.org/journal/toplas/author-guidelines,,ACM website terms; not redistributed,2026-09-15,official workflow source,First-party route reopened; full page returned HTTP 403 in this environment,Stored/indexed first-party guidance only; live requirements not fully certified,External-readiness hold; not a manuscript research reference,The 50-page target is internal and full current upload/anonymity/supplement rules require human recheck before external use,No
ACM author submissions and template family,https://www.acm.org/publications/authors/submissions,,ACM website and supplied template licenses,2026-09-15,official workflow source and supplied asset provenance,First-party route plus supplied acmart assets,Submission-family identity and local class/style structure checked; complete live workflow unavailable,Unmodified acmsmall class and ACM bibliography style in paper/,Current internal draft uses the supplied publisher family without class/style edits,No
ACM policy on authorship,https://www.acm.org/publications/policies/new-acm-policy-on-authorship,,ACM website terms; not redistributed,2026-09-15,official workflow policy source,First-party route/indexed text consulted,Used only to identify external human-accountability and disclosure gate; not certified as the complete current venue-specific rule set,External-use hold and disclosure note only,"Internal execution does not establish human authorship, accountability, originality clearance, or final disclosure compliance",No
Supplied acmart class and ACM bibliography style,https://www.acm.org/publications/authors/submissions,,Retained verbatim in paper/ACM-LICENSE.txt,2026-09-15,publisher template asset,Matched user-supplied TEMPLATE archive,Class/style checked structurally and used for compilation,Unmodified files in paper/,Reproducible acmsmall internal paper assembly,No
